/*
SQLyog Ultimate v12.09 (64 bit)
MySQL - 5.7.9 : Database - cloud_shop_catalog
*********************************************************************
*/


/*!40101 SET NAMES utf8 */;

/*!40101 SET SQL_MODE=''*/;

/*!40014 SET @OLD_UNIQUE_CHECKS=@@UNIQUE_CHECKS, UNIQUE_CHECKS=0 */;
/*!40014 SET @OLD_FOREIGN_KEY_CHECKS=@@FOREIGN_KEY_CHECKS, FOREIGN_KEY_CHECKS=0 */;
/*!40101 SET @OLD_SQL_MODE=@@SQL_MODE, SQL_MODE='NO_AUTO_VALUE_ON_ZERO' */;
/*!40111 SET @OLD_SQL_NOTES=@@SQL_NOTES, SQL_NOTES=0 */;
CREATE DATABASE /*!32312 IF NOT EXISTS*/`cloud_shop_catalog` /*!40100 DEFAULT CHARACTER SET utf8mb4 */;

USE `cloud_shop_catalog`;

/*Table structure for table `cloud_attr_name` */

DROP TABLE IF EXISTS `cloud_attr_name`;

CREATE TABLE `cloud_attr_name` (
  `attr_name_id` bigint(20) NOT NULL COMMENT '属性表主键',
  `attr_name` varchar(65) CHARACTER SET utf8 NOT NULL COMMENT '属性名',
  `attr_type` tinyint(4) NOT NULL COMMENT '属性类型，属性的类型,是关键属性(0)，销售属性(1)，商品属性(2)还是非关键属性(3)如果是SKU，则会有销售属性，如果是product就没有销售',
  `field_name` varchar(65) CHARACTER SET utf8 NOT NULL COMMENT '属性对应字段名称',
  `field_type` varchar(45) CHARACTER SET utf8 NOT NULL COMMENT '属性的数据类型',
  `input_type` tinyint(4) NOT NULL COMMENT '属性的输入类型(单选(1)，多选(2)还是文本输入(0))',
  `required` tinyint(4) NOT NULL COMMENT '是否必选项',
  `attr_group` varchar(65) CHARACTER SET utf8 NOT NULL COMMENT '属性组,有时候属性过多，用于属性大的分类',
  `display_order` int(11) NOT NULL DEFAULT '0' COMMENT '属性显示顺序',
  `status` tinyint(4) NOT NULL DEFAULT '0' COMMENT '可读写(0),只读(1),只写(2)',
  `deleted` tinyint(4) NOT NULL DEFAULT '0' COMMENT '标记删除(1), 标记未删除(0)',
  `is_sku_attr` tinyint(4) NOT NULL DEFAULT '0' COMMENT '是不是sku的属性，默认不是',
  `create_time` datetime NOT NULL COMMENT '创建时间',
  `update_time` datetime NOT NULL COMMENT '更新时间',
  PRIMARY KEY (`attr_name_id`),
  UNIQUE KEY `attr_name` (`attr_name`),
  KEY `deleted_idx` (`deleted`) USING BTREE
) ENGINE=InnoDB DEFAULT CHARSET=utf8mb4;

/*Data for the table `cloud_attr_name` */

insert  into `cloud_attr_name`(`attr_name_id`,`attr_name`,`attr_type`,`field_name`,`field_type`,`input_type`,`required`,`attr_group`,`display_order`,`status`,`is_sku_attr`,`create_time`,`update_time`) values (118138914484519939,'分辨率',3,'resolution','java.lang.String',1,1,'基本属性',0,0,0,'2018-06-27 10:37:18','2018-06-27 10:37:18'),(118138914484520963,'重量',3,'weight','java.lang.Float',0,0,'基本属性',0,0,0,'2018-06-27 10:37:18','2018-06-27 10:37:18'),(118138914484521987,'屏幕尺寸',1,'screen_size','java.lang.Integer',0,1,'销售属性',0,0,1,'2018-06-27 10:37:18','2018-06-27 10:37:18'),(118138914484523011,'包装尺寸(长)',3,'package_lenth','java.lang.Integer',0,0,'基本属性',0,0,0,'2018-06-27 10:37:18','2018-06-27 10:37:18'),(118138914484524035,'包装尺寸(宽)',3,'package_width','java.lang.Integer',0,0,'基本属性',0,0,0,'2018-06-27 10:37:18','2018-06-27 10:37:18'),(118138914484525059,'包装尺寸(高)',3,'package_height','java.lang.Integer',0,0,'基本属性',0,0,0,'2018-06-27 10:37:18','2018-06-27 10:37:18'),(118144131796041731,'室内噪音',3,'room_noise','java.lang.Integer',0,0,'基本属性',0,0,1,'2018-06-27 11:58:17','2018-06-27 11:58:17'),(118144131796042755,'室外噪音',3,'outdoor_noise','java.lang.Integer',0,0,'基本属性',0,0,0,'2018-06-27 11:58:17','2018-06-27 11:58:17'),(118144131796043779,'冷暖类型',3,'coolling_heating_type','java.lang.String',1,0,'基本属性',0,0,0,'2018-06-27 11:58:17','2018-06-27 11:58:17'),(118144131796044803,'工作模式',3,'work_model','java.lang.String',1,0,'基本属性',0,0,0,'2018-06-27 11:58:17','2018-06-27 11:58:17'),(118144131796045827,'空调功率',1,'power','java.lang.String',1,0,'销售属性',0,0,1,'2018-06-27 11:58:17','2018-06-27 11:58:17'),(118160157392764931,'冰箱容量',3,'refrigerator_volume','java.lang.Integer',0,0,'基本属性',0,0,0,'2018-06-27 16:07:02','2018-06-27 16:07:02'),(118160157392765955,'冰箱容量范围',3,'refrigerator_volume_range','java.lang.Integer',1,0,'基本属性',0,0,0,'2018-06-27 16:07:02','2018-06-27 16:07:02'),(118160157392766979,'制冷方式',3,'cooling_mode','java.lang.String',1,0,'基本属性',0,0,0,'2018-06-27 16:07:02','2018-06-27 16:07:02'),(118160157392768003,'控温方式',3,'temperature_control_mode','java.lang.String',1,0,'基本属性',0,0,0,'2018-06-27 16:07:02','2018-06-27 16:07:02'),(118160157392769027,'箱门结构',3,'door_style','java.lang.String',1,0,'基本属性',0,0,0,'2018-06-27 16:07:02','2018-06-27 16:07:02'),(118160157392770051,'面板类型',3,'panel_type','java.lang.String',1,0,'基本属性',0,0,0,'2018-06-27 16:07:02','2018-06-27 16:07:02'),(118160157392771075,'能效等级',3,'energy_efficiency_level','java.lang.String',1,0,'基本属性',0,0,0,'2018-06-27 16:07:02','2018-06-27 16:07:02'),(118160157392772099,'制冷控制系统',3,'cooling_control_system','java.lang.String',1,0,'基本属性',0,0,0,'2018-06-27 16:07:02','2018-06-27 16:07:02'),(118160249734569987,'颜色',1,'color','java.lang.String',1,1,'销售属性',0,0,1,'2018-06-27 16:08:28','2018-06-27 16:08:28'),(118160404353384451,'洗涤容量',3,'washing_capacity','java.lang.Integer',1,0,'基本属性',0,0,0,'2018-06-27 16:10:53','2018-06-27 16:10:53'),(118160404353385475,'排水方式',3,'drain_method','java.lang.String',1,0,'基本属性',0,0,0,'2018-06-27 16:10:53','2018-06-27 16:10:53'),(118160404353386499,'电机类型',3,'motor_type','java.lang.String',1,0,'基本属性',0,0,0,'2018-06-27 16:10:53','2018-06-27 16:10:53'),(118160404353387523,'使用方式',3,'usage_mode','java.lang.String',1,0,'基本属性',0,0,0,'2018-06-27 16:10:53','2018-06-27 16:10:53'),(118160404353388547,'附加功能',3,'washer_attachment','java.lang.String',2,0,'基本属性',0,0,0,'2018-06-27 16:10:53','2018-06-27 16:10:53'),(118161298780323843,'CPU 类型',3,'cpu_type','java.lang.String',1,0,'基本属性',0,0,0,'2018-06-27 16:24:45','2018-06-27 16:24:45'),(118161298780324867,'手机屏幕尺寸',3,'mobile_screen_size','java.lang.String',1,0,'基本属性',0,0,0,'2018-06-27 16:24:45','2018-06-27 16:24:45'),(118161298780325891,'机身厚度',3,'mobile_thickness','java.lang.String',0,0,'基本属性',0,0,0,'2018-06-27 16:24:45','2018-06-27 16:24:45'),(118161298780326915,'手机款式',3,'mobile_style','java.lang.String',1,0,'基本属性',0,0,0,'2018-06-27 16:24:45','2018-06-27 16:24:45'),(118161298780327939,'后置摄像头像素',3,'rear_camera','java.lang.String',1,0,'基本属性',0,0,0,'2018-06-27 16:24:45','2018-06-27 16:24:45'),(118161298780328963,'售后服务',3,'after_service','java.lang.String',1,0,'基本属性',0,0,0,'2018-06-27 16:24:45','2018-06-27 16:24:45'),(118161298780329987,'存储容量',1,'store_volume','java.lang.String',1,1,'销售属性',0,0,1,'2018-06-27 16:24:45','2018-06-27 16:24:45'),(118161298780331011,'版本类型',1,'version_type','java.lang.String',1,1,'销售属性',0,0,1,'2018-06-27 16:24:45','2018-06-27 16:24:45'),(118161488832626691,'衣服版型',3,'clothes_model','java.lang.String',1,1,'基本属性',0,0,0,'2018-06-27 16:27:42','2018-06-27 16:27:42'),(118161488832627715,'领型',3,'collar_model','java.lang.String',1,1,'基本属性',0,0,0,'2018-06-27 16:27:42','2018-06-27 16:27:42'),(118161488832628739,'袖长',3,'sleeve_length','java.lang.String',1,1,'基本属性',0,0,0,'2018-06-27 16:27:42','2018-06-27 16:27:42'),(118161488832629763,'服装材质',3,'cloth_material','java.lang.String',1,1,'基本属性',0,0,0,'2018-06-27 16:27:42','2018-06-27 16:27:42'),(118161488832630787,'服装风格',3,'cloth_style','java.lang.String',1,1,'基本属性',0,0,0,'2018-06-27 16:27:42','2018-06-27 16:27:42'),(118161488832631811,'服装厚度',3,'cloth_thickness','java.lang.String',1,1,'基本属性',0,0,0,'2018-06-27 16:27:42','2018-06-27 16:27:42'),(118161488832632835,'面料',3,'shell_fabric','java.lang.String',1,1,'基本属性',0,0,0,'2018-06-27 16:27:42','2018-06-27 16:27:42'),(118161488832633859,'适合季节',3,'suitable_season','java.lang.String',1,0,'基本属性',0,0,0,'2018-06-27 16:27:42','2018-06-27 16:27:42'),(118161488832634883,'尺寸',1,'cloth_size','java.lang.String',1,1,'销售属性',0,0,1,'2018-06-27 16:27:42','2018-06-27 16:27:42'),(118161864642265091,'裤子版型',3,'pants_model','java.lang.String',1,0,'基本属性',0,0,0,'2018-06-27 16:33:33','2018-06-27 16:33:33'),(118161864642266115,'裤长',3,'pants_length','java.lang.String',1,0,'基本属性',0,0,0,'2018-06-27 16:33:33','2018-06-27 16:33:33'),(118161864642267139,'腰型',3,'waist_model','java.lang.String',1,0,'基本属性',0,0,0,'2018-06-27 16:33:33','2018-06-27 16:33:33'),(118161864642268163,'牛仔面料',3,'jean_shell_fabric','java.lang.String',1,0,'基本属性',0,0,0,'2018-06-27 16:33:33','2018-06-27 16:33:33'),(120103444336869379,'裤子尺码',3,'pant_size','java.lang.Integer',1,1,'基本属性',0,0,1,'2018-07-18 14:50:50','2018-07-18 14:50:50');

/*Table structure for table `cloud_attr_val` */

DROP TABLE IF EXISTS `cloud_attr_val`;

CREATE TABLE `cloud_attr_val` (
  `attr_val_id` bigint(20) NOT NULL COMMENT '属性值表主键',
  `attr_val` varchar(65) CHARACTER SET utf8 NOT NULL COMMENT '属性值',
  `display_order` int(11) NOT NULL DEFAULT '0' COMMENT '属性值显示顺序',
  `attr_name_id` bigint(20) NOT NULL COMMENT '当前属性属于哪一个属性名',
  `deleted` tinyint(4) NOT NULL DEFAULT '0' COMMENT '标记删除(1), 标记未删除(0)',
  `create_time` datetime NOT NULL COMMENT '创建时间',
  `update_time` datetime DEFAULT NULL,
  PRIMARY KEY (`attr_val_id`),
  UNIQUE KEY `attr_name_val_idx` (`attr_name_id`,`attr_val`),
  KEY `attr_name_id_idx` (`attr_name_id`) USING BTREE,
  KEY `deleted_idx` (`deleted`) USING BTREE
) ENGINE=InnoDB DEFAULT CHARSET=utf8mb4;

/*Data for the table `cloud_attr_val` */

insert  into `cloud_attr_val`(`attr_val_id`,`attr_val`,`display_order`,`create_time`,`attr_name_id`,`update_time`) values (118140639987630083,'2017-08-12',0,'2018-06-27 11:04:05',118138914484518915,'2018-06-27 11:04:05'),(118140639987631107,'30',0,'2018-06-27 11:04:05',118138914484520963,'2018-06-27 11:04:05'),(118140639987632131,'55',0,'2018-06-27 11:04:06',118138914484521987,'2018-06-27 11:04:06'),(118140639987633155,'120',0,'2018-06-27 11:04:06',118138914484523011,'2018-06-27 11:04:06'),(118140639987634179,'72',0,'2018-06-27 11:04:06',118138914484524035,'2018-06-27 11:04:06'),(118140639987635203,'8',0,'2018-06-27 11:04:06',118138914484525059,'2018-06-27 11:04:06'),(118140662536208387,'超高清',0,'2018-06-27 11:04:27',118138914484519939,'2018-06-27 11:04:27'),(118140662536209411,'全高清',0,'2018-06-27 11:04:27',118138914484519939,'2018-06-27 11:04:27'),(118140662536210435,'高清',0,'2018-06-27 11:04:27',118138914484519939,'2018-06-27 11:04:27'),(118149541307351043,'冷暖空调',0,'2018-06-27 13:22:15',118144131796043779,'2018-06-27 13:22:15'),(118149541307352067,'单冷空调',0,'2018-06-27 13:22:15',118144131796043779,'2018-06-27 13:22:15'),(118149541307353091,'变频',0,'2018-06-27 13:22:15',118144131796044803,'2018-06-27 13:22:15'),(118149541307354115,'定额',0,'2018-06-27 13:22:15',118144131796044803,'2018-06-27 13:22:15'),(118149541307355139,'1P',0,'2018-06-27 13:22:15',118144131796045827,'2018-06-27 13:22:15'),(118149541307356163,'1.5P',0,'2018-06-27 13:22:15',118144131796045827,'2018-06-27 13:22:15'),(118149541307357187,'2P',0,'2018-06-27 13:22:15',118144131796045827,'2018-06-27 13:22:15'),(118149541307358211,'2.5P',0,'2018-06-27 13:22:15',118144131796045827,'2018-06-27 13:22:15'),(118149541307359235,'3P',0,'2018-06-27 13:22:15',118144131796045827,'2018-06-27 13:22:15'),(118149541307360259,'大于5P',0,'2018-06-27 13:22:15',118144131796045827,'2018-06-27 13:22:15'),(118163114477748227,'350',0,'2018-06-27 16:52:57',118160157392764931,'2018-06-27 16:52:57'),(118163114477749251,'100L以下',0,'2018-06-27 16:52:57',118160157392765955,'2018-06-27 16:52:57'),(118163114477750275,'101-300L',0,'2018-06-27 16:52:57',118160157392765955,'2018-06-27 16:52:57'),(118163114477751299,'301-600L',0,'2018-06-27 16:52:57',118160157392765955,'2018-06-27 16:52:57'),(118163114477752323,'600L以上',0,'2018-06-27 16:52:57',118160157392765955,'2018-06-27 16:52:57'),(118163114477753347,'风冷(无霜)',0,'2018-06-27 16:52:57',118160157392766979,'2018-06-27 16:52:57'),(118163114477754371,'风直冷(混冷)',0,'2018-06-27 16:52:57',118160157392766979,'2018-06-27 16:52:57'),(118163115551490051,'直冷',0,'2018-06-27 16:52:57',118160157392766979,'2018-06-27 16:52:57'),(118163115551491075,'电脑控温',0,'2018-06-27 16:52:57',118160157392768003,'2018-06-27 16:52:57'),(118163115551492099,'机械控温',0,'2018-06-27 16:52:57',118160157392768003,'2018-06-27 16:52:57'),(118163115551493123,'多门',0,'2018-06-27 16:52:57',118160157392769027,'2018-06-27 16:52:57'),(118163115551494147,'三门',0,'2018-06-27 16:52:57',118160157392769027,'2018-06-27 16:52:57'),(118163115551495171,'十字对开',0,'2018-06-27 16:52:57',118160157392769027,'2018-06-27 16:52:57'),(118163115551496195,'对开双门',0,'2018-06-27 16:52:57',118160157392769027,'2018-06-27 16:52:57'),(118163115551497219,'钢化玻璃',0,'2018-06-27 16:52:57',118160157392770051,'2018-06-27 16:52:57'),(118163115551498243,'不锈钢',0,'2018-06-27 16:52:57',118160157392770051,'2018-06-27 16:52:57'),(118163115551499267,'PCM图彩板',0,'2018-06-27 16:52:57',118160157392770051,'2018-06-27 16:52:57'),(118163115551500291,'无',0,'2018-06-27 16:52:57',118160157392771075,'2018-06-27 16:52:57'),(118163115551501315,'1',0,'2018-06-27 16:52:57',118160157392771075,'2018-06-27 16:52:57'),(118163115551502339,'2',0,'2018-06-27 16:52:57',118160157392771075,'2018-06-27 16:52:57'),(118163115551503363,'3',0,'2018-06-27 16:52:57',118160157392771075,'2018-06-27 16:52:57'),(118163115551504387,'其他',0,'2018-06-27 16:52:57',118160157392771075,'2018-06-27 16:52:57'),(118163115551505411,'机械温控',0,'2018-06-27 16:52:57',118160157392772099,'2018-06-27 16:52:57'),(118163115551506435,'电子温控',0,'2018-06-27 16:52:57',118160157392772099,'2018-06-27 16:52:57'),(118163115551507459,'电脑温控',0,'2018-06-27 16:52:57',118160157392772099,'2018-06-27 16:52:57'),(118163768386519043,'<5',0,'2018-06-27 17:03:05',118160404353384451,'2018-06-27 17:03:05'),(118163768386520067,'5-8',0,'2018-06-27 17:03:05',118160404353384451,'2018-06-27 17:03:05'),(118163768386521091,'8-10',0,'2018-06-27 17:03:05',118160404353384451,'2018-06-27 17:03:05'),(118163768386522115,'>10',0,'2018-06-27 17:03:05',118160404353384451,'2018-06-27 17:03:05'),(118163768386523139,'上排水',0,'2018-06-27 17:03:05',118160404353385475,'2018-06-27 17:03:05'),(118163768386524163,'下排水',0,'2018-06-27 17:03:05',118160404353385475,'2018-06-27 17:03:05'),(118163768386525187,'上/下排水',0,'2018-06-27 17:03:05',118160404353385475,'2018-06-27 17:03:05'),(118163768386526211,'变频',0,'2018-06-27 17:03:05',118160404353386499,'2018-06-27 17:03:05'),(118163768386527235,'定额',0,'2018-06-27 17:03:05',118160404353386499,'2018-06-27 17:03:05'),(118163768386528259,'手动',0,'2018-06-27 17:03:05',118160404353387523,'2018-06-27 17:03:05'),(118163768386529283,'全自动',0,'2018-06-27 17:03:05',118160404353387523,'2018-06-27 17:03:05'),(118163768386530307,'半自动',0,'2018-06-27 17:03:05',118160404353387523,'2018-06-27 17:03:05'),(118163768386531331,'安心童锁',0,'2018-06-27 17:03:05',118160404353388547,'2018-06-27 17:03:05'),(118163768386532355,'自动断电',0,'2018-06-27 17:03:05',118160404353388547,'2018-06-27 17:03:05'),(118163768386533379,'故障诊断',0,'2018-06-27 17:03:06',118160404353388547,'2018-06-27 17:03:06'),(118163768386534403,'漏电保护',0,'2018-06-27 17:03:06',118160404353388547,'2018-06-27 17:03:06'),(118163768386535427,'预约',0,'2018-06-27 17:03:06',118160404353388547,'2018-06-27 17:03:06'),(118164974198587395,'ARM',0,'2018-06-27 17:21:48',118161298780323843,'2018-06-27 17:21:48'),(118164974198588419,'高通',0,'2018-06-27 17:21:48',118161298780323843,'2018-06-27 17:21:48'),(118164974198589443,'海思',0,'2018-06-27 17:21:48',118161298780323843,'2018-06-27 17:21:48'),(118164974198590467,'联发科',0,'2018-06-27 17:21:48',118161298780323843,'2018-06-27 17:21:48'),(118164974198591491,'直板',0,'2018-06-27 17:21:48',118161298780326915,'2018-06-27 17:21:48'),(118164974198592515,'滑盖',0,'2018-06-27 17:21:48',118161298780326915,'2018-06-27 17:21:48'),(118164974198593539,'翻盖',0,'2018-06-27 17:21:48',118161298780326915,'2018-06-27 17:21:48'),(118164974198594563,'侧滑盖',0,'2018-06-27 17:21:48',118161298780326915,'2018-06-27 17:21:48'),(118164974198595587,'800',0,'2018-06-27 17:21:48',118161298780327939,'2018-06-27 17:21:48'),(118164974198596611,'1000',0,'2018-06-27 17:21:48',118161298780327939,'2018-06-27 17:21:48'),(118164974198597635,'1200',0,'2018-06-27 17:21:48',118161298780327939,'2018-06-27 17:21:48'),(118164974198598659,'1400',0,'2018-06-27 17:21:48',118161298780327939,'2018-06-27 17:21:48'),(118164974198599683,'1600',0,'2018-06-27 17:21:48',118161298780327939,'2018-06-27 17:21:48'),(118164974198600707,'2000',0,'2018-06-27 17:21:48',118161298780327939,'2018-06-27 17:21:48'),(118164974198601731,'全国联保',0,'2018-06-27 17:21:48',118161298780328963,'2018-06-27 17:21:48'),(118164974198602755,'店铺三包',0,'2018-06-27 17:21:48',118161298780328963,'2018-06-27 17:21:48'),(118164974198603779,'无售后服务',0,'2018-06-27 17:21:48',118161298780328963,'2018-06-27 17:21:48'),(118164974198604803,'256',0,'2018-06-27 17:21:48',118161298780329987,'2018-06-27 17:21:48'),(118164974198605827,'128',0,'2018-06-27 17:21:48',118161298780329987,'2018-06-27 17:21:48'),(118164974198606851,'64',0,'2018-06-27 17:21:48',118161298780329987,'2018-06-27 17:21:48'),(118164974198607875,'32',0,'2018-06-27 17:21:48',118161298780329987,'2018-06-27 17:21:48'),(118164974198608899,'16',0,'2018-06-27 17:21:48',118161298780329987,'2018-06-27 17:21:48'),(118164974198609923,'8',0,'2018-06-27 17:21:48',118161298780329987,'2018-06-27 17:21:48'),(118164974198610947,'中国大陆',0,'2018-06-27 17:21:48',118161298780331011,'2018-06-27 17:21:48'),(118164974198611971,'港澳台',0,'2018-06-27 17:21:48',118161298780331011,'2018-06-27 17:21:48'),(118164974198612995,'美国',0,'2018-06-27 17:21:48',118161298780331011,'2018-06-27 17:21:48'),(118164974198614019,'欧洲',0,'2018-06-27 17:21:48',118161298780331011,'2018-06-27 17:21:48'),(118166595548741635,'超修身',0,'2018-06-27 17:46:58',118161488832626691,'2018-06-27 17:46:58'),(118166595548742659,'修身型',0,'2018-06-27 17:46:58',118161488832626691,'2018-06-27 17:46:58'),(118166595548743683,'标准型',0,'2018-06-27 17:46:58',118161488832626691,'2018-06-27 17:46:58'),(118166595548744707,'宽松型',0,'2018-06-27 17:46:58',118161488832626691,'2018-06-27 17:46:58'),(118166595548745731,'立领',0,'2018-06-27 17:46:58',118161488832627715,'2018-06-27 17:46:58'),(118166595548746755,'方领',0,'2018-06-27 17:46:58',118161488832627715,'2018-06-27 17:46:58'),(118166595548747779,'圆领',0,'2018-06-27 17:46:58',118161488832627715,'2018-06-27 17:46:58'),(118166595548748803,'V领',0,'2018-06-27 17:46:58',118161488832627715,'2018-06-27 17:46:58'),(118166595548749827,'高领',0,'2018-06-27 17:46:58',118161488832627715,'2018-06-27 17:46:58'),(118166595548750851,'长袖',0,'2018-06-27 17:46:58',118161488832628739,'2018-06-27 17:46:58'),(118166595548751875,'七分袖',0,'2018-06-27 17:46:58',118161488832628739,'2018-06-27 17:46:58'),(118166595548752899,'五分袖',0,'2018-06-27 17:46:58',118161488832628739,'2018-06-27 17:46:58'),(118166595548753923,'短袖',0,'2018-06-27 17:46:58',118161488832628739,'2018-06-27 17:46:58'),(118166595548754947,'无袖',0,'2018-06-27 17:46:58',118161488832628739,'2018-06-27 17:46:58'),(118166595548755971,'蚕丝',0,'2018-06-27 17:46:58',118161488832629763,'2018-06-27 17:46:58'),(118166595548756995,'麻',0,'2018-06-27 17:46:58',118161488832629763,'2018-06-27 17:46:58'),(118166595548758019,'棉涤',0,'2018-06-27 17:46:58',118161488832629763,'2018-06-27 17:46:58'),(118166595548759043,'棉麻',0,'2018-06-27 17:46:58',118161488832629763,'2018-06-27 17:46:58'),(118166595548760067,'涤纶',0,'2018-06-27 17:46:58',118161488832629763,'2018-06-27 17:46:58'),(118166595548761091,'商务正装',0,'2018-06-27 17:46:58',118161488832630787,'2018-06-27 17:46:58'),(118166595548762115,'商务休闲',0,'2018-06-27 17:46:58',118161488832630787,'2018-06-27 17:46:58'),(118166595548763139,'复古风',0,'2018-06-27 17:46:58',118161488832630787,'2018-06-27 17:46:58'),(118166595548764163,'美式休闲',0,'2018-06-27 17:46:58',118161488832630787,'2018-06-27 17:46:58'),(118166595548765187,'日韩风格',0,'2018-06-27 17:46:58',118161488832630787,'2018-06-27 17:46:58'),(118166595548766211,'青春休闲',0,'2018-06-27 17:46:58',118161488832630787,'2018-06-27 17:46:58'),(118166595548767235,'欧美简约',0,'2018-06-27 17:46:58',118161488832630787,'2018-06-27 17:46:58'),(118166595548768259,'嘻哈风格',0,'2018-06-27 17:46:58',118161488832630787,'2018-06-27 17:46:58'),(118166595548769283,'薄',0,'2018-06-27 17:46:58',118161488832631811,'2018-06-27 17:46:58'),(118166595548770307,'常规',0,'2018-06-27 17:46:58',118161488832631811,'2018-06-27 17:46:58'),(118166595548771331,'厚',0,'2018-06-27 17:46:58',118161488832631811,'2018-06-27 17:46:58'),(118166595548772355,'加绒加厚',0,'2018-06-27 17:46:58',118161488832631811,'2018-06-27 17:46:58'),(118166813518331907,'法兰绒',0,'2018-06-27 17:50:22',118161488832629763,'2018-06-27 17:50:22'),(118166813518332931,'羊毛布',0,'2018-06-27 17:50:22',118161488832629763,'2018-06-27 17:50:22'),(118166813518333955,'牛津纺',0,'2018-06-27 17:50:22',118161488832629763,'2018-06-27 17:50:22'),(118166813518334979,'印花布',0,'2018-06-27 17:50:22',118161488832629763,'2018-06-27 17:50:22'),(118166813518336003,'色织布',0,'2018-06-27 17:50:22',118161488832629763,'2018-06-27 17:50:22'),(118166813518337027,'提花布',0,'2018-06-27 17:50:22',118161488832629763,'2018-06-27 17:50:22'),(118166813518338051,'春',0,'2018-06-27 17:50:22',118161488832633859,'2018-06-27 17:50:22'),(118166813518339075,'夏',0,'2018-06-27 17:50:22',118161488832633859,'2018-06-27 17:50:22'),(118166813518340099,'秋',0,'2018-06-27 17:50:22',118161488832633859,'2018-06-27 17:50:22'),(118166813518341123,'冬',0,'2018-06-27 17:50:22',118161488832633859,'2018-06-27 17:50:22'),(118166813518342147,'S',0,'2018-06-27 17:50:22',118161488832634883,'2018-06-27 17:50:22'),(118166813518343171,'M',0,'2018-06-27 17:50:22',118161488832634883,'2018-06-27 17:50:22'),(118166813518344195,'L',0,'2018-06-27 17:50:22',118161488832634883,'2018-06-27 17:50:22'),(118166813518345219,'XL',0,'2018-06-27 17:50:22',118161488832634883,'2018-06-27 17:50:22'),(118166813518346243,'2XL',0,'2018-06-27 17:50:22',118161488832634883,'2018-06-27 17:50:22'),(118166813518347267,'黑色',0,'2018-06-27 17:50:22',118160249734569987,'2018-06-27 17:50:22'),(118166813518348291,'白色',0,'2018-06-27 17:50:22',118160249734569987,'2018-06-27 17:50:22'),(118166813518349315,'红色',0,'2018-06-27 17:50:22',118160249734569987,'2018-06-27 17:50:22'),(118166813518350339,'蓝色',0,'2018-06-27 17:50:22',118160249734569987,'2018-06-27 17:50:22'),(118166813518351363,'绿色',0,'2018-06-27 17:50:22',118160249734569987,'2018-06-27 17:50:22'),(118166813518352387,'粉色',0,'2018-06-27 17:50:22',118160249734569987,'2018-06-27 17:50:22'),(118166813518353411,'灰色',0,'2018-06-27 17:50:22',118160249734569987,'2018-06-27 17:50:22'),(118166813518354435,'黄色',0,'2018-06-27 17:50:22',118160249734569987,'2018-06-27 17:50:22'),(118166813518355459,'紫色',0,'2018-06-27 17:50:22',118160249734569987,'2018-06-27 17:50:22'),(118166813518356483,'棕色',0,'2018-06-27 17:50:22',118160249734569987,'2018-06-27 17:50:22'),(118166852173037571,'修身裤',0,'2018-06-27 17:50:58',118161864642265091,'2018-06-27 17:50:58'),(118166852173038595,'直筒裤',0,'2018-06-27 17:50:58',118161864642265091,'2018-06-27 17:50:58'),(118166852173039619,'宽松裤',0,'2018-06-27 17:50:58',118161864642265091,'2018-06-27 17:50:58'),(118166852173040643,'背带裤',0,'2018-06-27 17:50:58',118161864642265091,'2018-06-27 17:50:58'),(118166852173041667,'喇叭裤',0,'2018-06-27 17:50:58',118161864642265091,'2018-06-27 17:50:58'),(118166852173042691,'五分裤',0,'2018-06-27 17:50:58',118161864642266115,'2018-06-27 17:50:58'),(118166852173043715,'六分裤',0,'2018-06-27 17:50:58',118161864642266115,'2018-06-27 17:50:58'),(118166852173044739,'七分裤',0,'2018-06-27 17:50:58',118161864642266115,'2018-06-27 17:50:58'),(118166853246779395,'八分裤',0,'2018-06-27 17:50:58',118161864642266115,'2018-06-27 17:50:58'),(118166853246780419,'长裤',0,'2018-06-27 17:50:58',118161864642266115,'2018-06-27 17:50:58'),(118166853246781443,'高腰',0,'2018-06-27 17:50:58',118161864642267139,'2018-06-27 17:50:58'),(118166853246782467,'中腰',0,'2018-06-27 17:50:58',118161864642267139,'2018-06-27 17:50:58'),(118166853246783491,'低腰',0,'2018-06-27 17:50:58',118161864642267139,'2018-06-27 17:50:58'),(118166853246784515,'中低腰',0,'2018-06-27 17:50:58',118161864642267139,'2018-06-27 17:50:58'),(118166853246785539,'中高腰',0,'2018-06-27 17:50:58',118161864642267139,'2018-06-27 17:50:58'),(118166853246786563,'加厚牛仔',0,'2018-06-27 17:50:58',118161864642268163,'2018-06-27 17:50:58'),(118166853246787587,'布薄牛仔',0,'2018-06-27 17:50:58',118161864642268163,'2018-06-27 17:50:58'),(118166853246788611,'布常规牛仔',0,'2018-06-27 17:50:58',118161864642268163,'2018-06-27 17:50:58'),(118166853246789635,'布加绒牛仔',0,'2018-06-27 17:50:58',118161864642268163,'2018-06-27 17:50:58'),(118166853246790659,'布丝光牛仔',0,'2018-06-27 17:50:58',118161864642268163,'2018-06-27 17:50:58'),(118883495383662595,'19.5',0,'2018-07-05 11:14:44',118138914484520963,'2018-07-05 11:14:44'),(118895787580063747,'65',0,'2018-07-05 14:25:31',118138914484521987,'2018-07-05 14:25:31'),(118895787580064771,'80',0,'2018-07-05 14:25:32',118138914484521987,'2018-07-05 14:25:32'),(120103746058321923,'20',0,'2018-07-18 14:55:30',120103444336869379,'2018-07-18 14:55:30'),(120103746058322947,'21',0,'2018-07-18 14:55:31',120103444336869379,'2018-07-18 14:55:31'),(120103746058323971,'22',0,'2018-07-18 14:55:31',120103444336869379,'2018-07-18 14:55:31'),(120103746058324995,'23',0,'2018-07-18 14:55:31',120103444336869379,'2018-07-18 14:55:31'),(120103746058326019,'24',0,'2018-07-18 14:55:31',120103444336869379,'2018-07-18 14:55:31'),(120103746058327043,'25',0,'2018-07-18 14:55:31',120103444336869379,'2018-07-18 14:55:31'),(120103746058328067,'26',0,'2018-07-18 14:55:31',120103444336869379,'2018-07-18 14:55:31'),(120103746058329091,'27',0,'2018-07-18 14:55:31',120103444336869379,'2018-07-18 14:55:31'),(120103746058330115,'28',0,'2018-07-18 14:55:31',120103444336869379,'2018-07-18 14:55:31'),(120103746058331139,'29',0,'2018-07-18 14:55:31',120103444336869379,'2018-07-18 14:55:31'),(120103746058332163,'30',0,'2018-07-18 14:55:31',120103444336869379,'2018-07-18 14:55:31'),(120103746058333187,'31',0,'2018-07-18 14:55:31',120103444336869379,'2018-07-18 14:55:31'),(120103746058334211,'32',0,'2018-07-18 14:55:31',120103444336869379,'2018-07-18 14:55:31'),(120103746058335235,'33',0,'2018-07-18 14:55:31',120103444336869379,'2018-07-18 14:55:31'),(120103746058336259,'34',0,'2018-07-18 14:55:31',120103444336869379,'2018-07-18 14:55:31'),(120103746058337283,'35',0,'2018-07-18 14:55:31',120103444336869379,'2018-07-18 14:55:31'),(120103746058338307,'36',0,'2018-07-18 14:55:31',120103444336869379,'2018-07-18 14:55:31'),(120103746058339331,'37',0,'2018-07-18 14:55:31',120103444336869379,'2018-07-18 14:55:31'),(120103746058340355,'38',0,'2018-07-18 14:55:31',120103444336869379,'2018-07-18 14:55:31'),(120103746058341379,'39',0,'2018-07-18 14:55:31',120103444336869379,'2018-07-18 14:55:31'),(120103746058342403,'40',0,'2018-07-18 14:55:31',120103444336869379,'2018-07-18 14:55:31');

/*Table structure for table `cloud_brand` */

DROP TABLE IF EXISTS `cloud_brand`;

CREATE TABLE `cloud_brand` (
  `brand_id` bigint(20) NOT NULL COMMENT '品牌表主键',
  `nicknames` varchar(100) CHARACTER SET utf8 DEFAULT NULL,
  `brand_chinese_name` varchar(255) CHARACTER SET utf8 NOT NULL COMMENT '品牌中文名称',
  `brand_english_name` varchar(255) CHARACTER SET utf8 NOT NULL COMMENT '品牌英文名称',
  `brand_desc` varchar(1000) CHARACTER SET utf8 NOT NULL COMMENT '品牌描述',
  `brand_logo` varchar(255) CHARACTER SET utf8 NOT NULL COMMENT '品牌Logo',
  `brand_origin` varchar(65) CHARACTER SET utf8 NOT NULL COMMENT '品牌的产地',
  `deleted` tinyint(4) NOT NULL DEFAULT '0' COMMENT '标记删除(1), 标记未删除(0)',
  `create_time` datetime NOT NULL COMMENT '创建时间',
  `update_time` datetime DEFAULT NULL,
  PRIMARY KEY (`brand_id`),
  UNIQUE KEY `brand_chinese_name` (`brand_chinese_name`),
  UNIQUE KEY `brand_english_name` (`brand_english_name`),
  KEY `deleted_idx` (`deleted`) USING BTREE
) ENGINE=InnoDB DEFAULT CHARSET=utf8mb4;

/*Data for the table `cloud_brand` */

insert  into `cloud_brand`(`brand_id`,`brand_chinese_name`,`brand_english_name`,`brand_desc`,`brand_logo`,`brand_origin`,`create_time`,`nicknames`,`update_time`) values (117849125524865027,'小米','MI','小米','/brand/mi.jpg','中国','2018-06-24 07:39:11',NULL,'2018-06-24 07:39:11'),(117854955942969347,'海信','Hisense','海信','/brand/hisense.jpg','中国','2018-06-24 09:09:41',NULL,'2018-06-24 09:09:41'),(117854955942970371,'长虹','changhong','长虹','/brand/changhong.jpg','中国','2018-06-24 09:09:42',NULL,'2018-06-24 09:09:42'),(117854955942971395,'飞利浦','philips','飞利浦','/brand/philips.jpg','荷兰','2018-06-24 09:09:42',NULL,'2018-06-24 09:09:42'),(117855919089385475,'格力','GREE','格力','/brand/gree.jpg','中国','2018-06-24 09:24:39',NULL,'2018-06-24 09:24:39'),(117855919089386499,'海尔','Haier','海尔','/brand/haier.jpg','中国','2018-06-24 09:24:39',NULL,'2018-06-24 09:24:39'),(117855919089387523,'松下','Panasonic','松下','/brand/panasonic.jpg','日本','2018-06-24 09:24:39',NULL,'2018-06-24 09:24:39'),(117856442001653763,'美的','Midea','美的','/brand/midea.jpg','中国','2018-06-24 09:32:46',NULL,'2018-06-24 09:32:46'),(117856442001655811,'西门子','SIEMENS','西门子','/brand/siemens.jpg','德国','2018-06-24 09:32:46',NULL,'2018-06-24 09:32:46'),(117864366216314883,'华为','HUAWEI','华为','/brand/huawei.jpg','中国','2018-06-24 11:35:45',NULL,'2018-06-24 11:35:45'),(117864366216315907,'苹果','apple','苹果','/brand/apple.jpg','美国','2018-06-24 11:35:45',NULL,'2018-06-24 11:35:45'),(117864366216316931,'三星','SAMSUNG','三星','/brand/samsung.jpg','韩国','2018-06-24 11:35:45',NULL,'2018-06-24 11:35:45'),(117864500434042883,'花花公子','PLAYBOY','花花公子','/brand/playboy.jpg','美国','2018-06-24 11:37:51',NULL,'2018-06-24 11:37:51'),(117864500434043907,'海澜之家','HLA','海澜之家','/brand/hla.jpg','中国','2018-06-24 11:37:51',NULL,'2018-06-24 11:37:51'),(117864500434044931,'佐丹奴','Giordano','佐丹奴','/brand/giordano.jpg','香港','2018-06-24 11:37:51',NULL,'2018-06-24 11:37:51'),(118124088257413123,'戴尔','Dell','戴尔','/brand/dell.jpg','美国','2018-06-27 06:47:10',NULL,'2018-06-27 06:47:10'),(118124257908621315,'联想','Lenovo','联想','/brand/lenovo.jpg','中国','2018-06-27 06:49:48',NULL,'2018-06-27 06:49:48'),(118124432928538627,'华硕','ASUS','华硕','/brand/asus.jpg','台湾','2018-06-27 06:52:32',NULL,'2018-06-27 06:52:32');

/*Table structure for table `cloud_bundle` */

DROP TABLE IF EXISTS `cloud_bundle`;

CREATE TABLE `cloud_bundle` (
  `bundle_id` bigint(20) NOT NULL COMMENT '绑定SKU主键id',
  `bundle_name` varchar(255) CHARACTER SET utf8 NOT NULL COMMENT 'bundle名字',
  `bundle_desc` varchar(255) CHARACTER SET utf8 NOT NULL COMMENT 'bundle描述',
  `quantity` int(11) NOT NULL COMMENT 'bundle数量',
  `delete` tinyint(4) NOT NULL DEFAULT '0' COMMENT '标记删除(1), 标记未删除(0)',
  `create_time` datetime NOT NULL COMMENT '创建时间',
  `update_time` datetime DEFAULT NULL,
  PRIMARY KEY (`bundle_id`),
  KEY `delete_idx` (`delete`) USING BTREE
) ENGINE=InnoDB DEFAULT CHARSET=utf8mb4;

/*Data for the table `cloud_bundle` */

/*Table structure for table `cloud_cat` */

DROP TABLE IF EXISTS `cloud_cat`;

CREATE TABLE `cloud_cat` (
  `cat_id` bigint(20) NOT NULL COMMENT '分类表主键',
  `parent_id` bigint(20) DEFAULT NULL COMMENT '上一级分类',
  `cat_name` varchar(255) CHARACTER SET utf8 NOT NULL COMMENT '分类名称',
  `cat_desc` varchar(1000) CHARACTER SET utf8 NOT NULL COMMENT '分类描述',
  `image_path` varchar(255) CHARACTER SET utf8 NOT NULL COMMENT '分类图片',
  `display_order` int(11) NOT NULL DEFAULT '0' COMMENT '分类显示顺序',
  `deleted` tinyint(4) NOT NULL DEFAULT '0' COMMENT '标记删除(1), 标记未删除(0)',
  `create_time` datetime NOT NULL COMMENT '创建时间',
  `update_time` datetime DEFAULT NULL,
  PRIMARY KEY (`cat_id`),
  UNIQUE KEY `cat_name` (`cat_name`),
  KEY `deleted_idx` (`deleted`)
) ENGINE=InnoDB DEFAULT CHARSET=utf8mb4;

/*Data for the table `cloud_cat` */

insert  into `cloud_cat`(`cat_id`,`cat_name`,`cat_desc`,`image_path`,`display_order`,`create_time`,`parent_id`,`update_time`) values (117417128050556931,'家用电器','家用电器','/cat/hero/jiadian.jpg',1,'2018-06-19 15:53:43',NULL,'2018-06-19 15:53:43'),(117420324579966979,'电视','电视','/cat/hero/tv.jpg',11,'2018-06-19 16:43:20',117417128050556931,'2018-06-19 16:43:20'),(117421035397054467,'曲面电视','曲面电视','/cat/hero/curved_tv.jpg',111,'2018-06-19 16:54:21',117420324579966979,'2018-06-19 16:54:21'),(117421035397055491,'超薄电视','超薄电视','/cat/hero/ultrathin_tv.jpg',112,'2018-06-19 16:54:21',117420324579966979,'2018-06-19 16:54:21'),(117421035397056515,'HDR电视','高动态范围图像电视','/cat/hero/hdr_tv.jpg',113,'2018-06-19 16:54:21',117420324579966979,'2018-06-19 16:54:21'),(117421406911725571,'空调','空调','/cat/hero/air_condition.jpg',12,'2018-06-19 17:00:08',117417128050556931,'2018-06-19 17:00:08'),(117421406911726595,'洗衣机','洗衣机','/cat/hero/washer.jpg',13,'2018-06-19 17:00:08',117417128050556931,'2018-06-19 17:00:08'),(117421406911727619,'冰箱','冰箱','/cat/hero/refrigerator.jpg',14,'2018-06-19 17:00:08',117417128050556931,'2018-06-19 17:00:08'),(117421704338210819,'中央空调','中央空调','/cat/hero/central_air_conditioning.jpg',121,'2018-06-19 17:04:45',117421406911725571,'2018-06-19 17:04:45'),(117421704338211843,'挂壁式空调','挂壁式空调','/cat/hero/wall_air_conditioning.jpg',122,'2018-06-19 17:04:45',117421406911725571,'2018-06-19 17:04:45'),(117421704338212867,'柜式空调','柜式空调','/cat/hero/packaged_air_conditioning.jpg',123,'2018-06-19 17:04:45',117421406911725571,'2018-06-19 17:04:45'),(117421920160317443,'滚筒洗衣机','滚筒洗衣机','/cat/hero/roller_washer.jpg',131,'2018-06-19 17:08:05',117421406911725571,'2018-06-19 17:08:05'),(117421920160318467,'Mini洗衣机','Mini洗衣机','/cat/hero/mini_washer.jpg',132,'2018-06-19 17:08:05',117421406911725571,'2018-06-19 17:08:05'),(117421920160319491,'波轮洗衣机','波轮洗衣机','/cat/hero/pulsator_washer.jpg',133,'2018-06-19 17:08:05',117421406911725571,'2018-06-19 17:08:05'),(117422635272372227,'多门冰箱','多门冰箱','/cat/hero/ multi_door_refrigerator.jpg',141,'2018-06-19 17:19:11',117421406911727619,'2018-06-19 17:19:11'),(117422635272373251,'双门冰箱','双门冰箱','/cat/hero/2_door_refrigerator.jpg',142,'2018-06-19 17:19:11',117421406911727619,'2018-06-19 17:19:11'),(117422635272374275,'智能冰箱','智能冰箱','/cat/hero/intelligent_refrigerator.jpg',143,'2018-06-19 17:19:11',117421406911727619,'2018-06-19 17:19:11'),(117503439713337347,'手机','手机','/cat/hero/mobile.jpg',2,'2018-06-20 14:13:26',NULL,'2018-06-20 14:13:26'),(117503879947485187,'衣服','衣服','/cat/hero/mens-wear.jpg',3,'2018-06-20 14:20:16',NULL,'2018-06-20 14:20:16'),(117504444735684611,'普通手机','普通手机','/cat/hero/normal_mobile.jpg',21,'2018-06-20 14:29:03',117503439713337347,'2018-06-20 14:29:03'),(117504444735685635,'游戏手机','游戏手机','/cat/hero/game_mobile.jpg',22,'2018-06-20 14:29:03',117503439713337347,'2018-06-20 14:29:03'),(117504444735686659,'老年手机','老年手机','/cat/hero/oldman_mobile.jpg',23,'2018-06-20 14:29:03',117503439713337347,'2018-06-20 14:29:03'),(117504719613591555,'男士T恤','男士T恤','/cat/hero/mens_t_shirt.jpg',31,'2018-06-20 14:33:18',117503879947485187,'2018-06-20 14:33:18'),(117504719613592579,'男士衬衫','男士衬衫','/cat/hero/mens_shirt.jpg',32,'2018-06-20 14:33:18',117503879947485187,'2018-06-20 14:33:18'),(117504719613593603,'男士牛仔裤','男士牛仔裤','/cat/hero/mens_jeans.jpg',51,'2018-06-20 14:33:18',118158028162727939,'2018-06-20 14:33:18'),(118096598319235075,'电脑','电脑','/cat/hero/computer.jpg',4,'2018-06-26 23:40:28',NULL,'2018-06-26 23:40:28'),(118096722873286659,'笔记本','笔记本','/cat/hero/laptop.jpg',41,'2018-06-26 23:42:25',118096598319235075,'2018-06-26 23:42:25'),(118096722873287683,'台式机','台式机','/cat/hero/desktop.jpg',42,'2018-06-26 23:42:25',118096598319235075,'2018-06-26 23:42:25'),(118158028162727939,'裤子','裤子','/cat/hero/ trousers.jpg',5,'2018-06-27 15:33:59',NULL,'2018-06-27 15:33:59');

/*Table structure for table `cloud_cat_attr_name` */

DROP TABLE IF EXISTS `cloud_cat_attr_name`;

CREATE TABLE `cloud_cat_attr_name` (
  `cat_id` bigint(20) NOT NULL COMMENT '属性名对应的分类',
  `attr_name_id` bigint(20) NOT NULL COMMENT '属性名',
  `deleted` tinyint(4) NOT NULL DEFAULT '0' COMMENT '标记删除(1), 标记未删除(0)',
  `create_time` datetime NOT NULL COMMENT '创建时间',
  `update_time` datetime DEFAULT NULL,
  KEY `cat_id_idx` (`cat_id`),
  KEY `attr_name_id_idx` (`attr_name_id`),
  KEY `deleted_idx` (`deleted`),
  UNIQUE KEY `cat_attr_name_idx` (`cat_id`,`attr_name_id`)
) ENGINE=InnoDB DEFAULT CHARSET=utf8mb4;

/*Data for the table `cloud_cat_attr_name` */

insert  into `cloud_cat_attr_name`(`cat_id`,`attr_name_id`,`create_time`,`update_time`) values (117417128050556931,118138914484520963,'2018-06-27 10:37:19','2018-06-27 10:37:19'),(117417128050556931,118138914484523011,'2018-06-27 10:37:19','2018-06-27 10:37:19'),(117417128050556931,118138914484524035,'2018-06-27 10:37:19','2018-06-27 10:37:19'),(117417128050556931,118138914484525059,'2018-06-27 10:37:19','2018-06-27 10:37:19'),(117417128050556931,118138914484519939,'2018-06-27 10:37:19','2018-06-27 10:37:19'),(117417128050556931,118138914484521987,'2018-06-27 10:37:19','2018-06-27 10:37:19'),(117421406911725571,118144131796041731,'2018-06-27 11:58:18','2018-06-27 11:58:18'),(117421406911725571,118144131796042755,'2018-06-27 11:58:18','2018-06-27 11:58:18'),(117421406911725571,118144131796043779,'2018-06-27 11:58:18','2018-06-27 11:58:18'),(117421406911725571,118144131796044803,'2018-06-27 11:58:18','2018-06-27 11:58:18'),(117421406911725571,118144131796045827,'2018-06-27 11:58:18','2018-06-27 11:58:18'),(117421406911727619,118160157392764931,'2018-06-27 16:07:03','2018-06-27 16:07:03'),(117421406911727619,118160157392765955,'2018-06-27 16:07:03','2018-06-27 16:07:03'),(117421406911727619,118160157392766979,'2018-06-27 16:07:03','2018-06-27 16:07:03'),(117421406911727619,118160157392768003,'2018-06-27 16:07:03','2018-06-27 16:07:03'),(117421406911727619,118160157392769027,'2018-06-27 16:07:03','2018-06-27 16:07:03'),(117421406911727619,118160157392770051,'2018-06-27 16:07:03','2018-06-27 16:07:03'),(117421406911727619,118160157392771075,'2018-06-27 16:07:03','2018-06-27 16:07:03'),(117421406911727619,118160157392772099,'2018-06-27 16:07:03','2018-06-27 16:07:03'),(117421406911727619,118160249734569987,'2018-06-27 16:08:29','2018-06-27 16:08:29'),(117421406911726595,118160404353385475,'2018-06-27 16:10:53','2018-06-27 16:10:53'),(117421406911726595,118160404353386499,'2018-06-27 16:10:53','2018-06-27 16:10:53'),(117421406911726595,118160404353387523,'2018-06-27 16:10:53','2018-06-27 16:10:53'),(117421406911726595,118160404353384451,'2018-06-27 16:10:53','2018-06-27 16:10:53'),(117421406911726595,118160404353388547,'2018-06-27 16:10:53','2018-06-27 16:10:53'),(117421406911726595,118160249734569987,'2018-06-27 16:19:06','2018-06-27 16:19:06'),(117503439713337347,118161017459965955,'2018-06-27 16:20:23','2018-06-27 16:20:23'),(117503439713337347,118161017459971075,'2018-06-27 16:20:23','2018-06-27 16:20:23'),(117503439713337347,118161017459969027,'2018-06-27 16:20:23','2018-06-27 16:20:23'),(117503439713337347,118138914484519939,'2018-06-27 16:20:23','2018-06-27 16:20:23'),(117503439713337347,118161017459966979,'2018-06-27 16:20:23','2018-06-27 16:20:23'),(117503439713337347,118161017459968003,'2018-06-27 16:20:23','2018-06-27 16:20:23'),(117503439713337347,118161298780323843,'2018-06-27 16:24:46','2018-06-27 16:24:46'),(117503439713337347,118161298780328963,'2018-06-27 16:24:46','2018-06-27 16:24:46'),(117503439713337347,118161298780326915,'2018-06-27 16:24:46','2018-06-27 16:24:46'),(117503439713337347,118138914484519939,'2018-06-27 16:24:46','2018-06-27 16:24:46'),(117503439713337347,118161298780324867,'2018-06-27 16:24:46','2018-06-27 16:24:46'),(117503439713337347,118161298780325891,'2018-06-27 16:24:46','2018-06-27 16:24:46'),(117503439713337347,118161298780327939,'2018-06-27 16:24:46','2018-06-27 16:24:46'),(117503439713337347,118161298780329987,'2018-06-27 16:24:46','2018-06-27 16:24:46'),(117503439713337347,118161298780331011,'2018-06-27 16:24:46','2018-06-27 16:24:46'),(117503439713337347,118160249734569987,'2018-06-27 16:24:46','2018-06-27 16:24:46'),(117503879947485187,118161488832626691,'2018-06-27 16:27:43','2018-06-27 16:27:43'),(117503879947485187,118161488832627715,'2018-06-27 16:27:43','2018-06-27 16:27:43'),(117503879947485187,118160249734569987,'2018-06-27 16:27:43','2018-06-27 16:27:43'),(117503879947485187,118161488832629763,'2018-06-27 16:27:43','2018-06-27 16:27:43'),(117503879947485187,118161488832632835,'2018-06-27 16:27:43','2018-06-27 16:27:43'),(117503879947485187,118161488832634883,'2018-06-27 16:27:43','2018-06-27 16:27:43'),(117503879947485187,118161488832628739,'2018-06-27 16:27:43','2018-06-27 16:27:43'),(117503879947485187,118161488832633859,'2018-06-27 16:27:43','2018-06-27 16:27:43'),(117503879947485187,118161488832630787,'2018-06-27 16:27:43','2018-06-27 16:27:43'),(117503879947485187,118161488832631811,'2018-06-27 16:27:43','2018-06-27 16:27:43'),(118158028162727939,118161864642265091,'2018-06-27 16:33:33','2018-06-27 16:33:33'),(118158028162727939,118161864642266115,'2018-06-27 16:33:33','2018-06-27 16:33:33'),(118158028162727939,118161864642268163,'2018-06-27 16:33:33','2018-06-27 16:33:33'),(118158028162727939,118161864642267139,'2018-06-27 16:33:33','2018-06-27 16:33:33'),(118158028162727939,118161488832629763,'2018-06-27 16:33:33','2018-06-27 16:33:33'),(118158028162727939,118161488832631811,'2018-06-27 16:33:33','2018-06-27 16:33:33'),(118158028162727939,118161488832630787,'2018-06-27 16:33:33','2018-06-27 16:33:33'),(118158028162727939,118160249734569987,'2018-06-27 16:33:33','2018-06-27 16:33:33'),(118158028162727939,118161488832634883,'2018-06-27 16:33:33','2018-06-27 16:33:33'),(118158028162727939,120103444336869379,'2018-07-18 14:50:50','2018-07-18 14:50:50');

/*Table structure for table `cloud_cat_brand` */

DROP TABLE IF EXISTS `cloud_cat_brand`;

CREATE TABLE `cloud_cat_brand` (
  `cat_id` bigint(20) NOT NULL COMMENT '分类主键',
  `brand_id` bigint(20) NOT NULL COMMENT '品牌主键',
  `deleted` tinyint(4) NOT NULL DEFAULT '0' COMMENT '标记删除(1), 标记未删除(0)',
  `create_time` datetime NOT NULL COMMENT '创建时间',
  `update_time` datetime DEFAULT NULL,
  KEY `cat_id_idx` (`cat_id`),
  KEY `brand_id_idx` (`brand_id`),
  KEY `deleted_idx` (`deleted`),
  UNIQUE KEY `cat_brand_idx` (`cat_id`,`brand_id`)
) ENGINE=InnoDB DEFAULT CHARSET=utf8mb4;

/*Data for the table `cloud_cat_brand` */

insert  into `cloud_cat_brand`(`cat_id`,`brand_id`,`create_time`,`update_time`) values (117421035397054467,117849125524865027,'2018-06-24 12:30:35','2018-06-24 12:30:35'),(117421035397054467,117854955942969347,'2018-06-24 12:30:35','2018-06-24 12:30:35'),(117421035397055491,117854955942969347,'2018-06-24 12:30:35','2018-06-24 12:30:35'),(117421035397055491,117854955942970371,'2018-06-24 12:30:35','2018-06-24 12:30:35'),(117421035397056515,117854955942970371,'2018-06-24 12:30:35','2018-06-24 12:30:35'),(117421035397056515,117854955942971395,'2018-06-24 12:30:35','2018-06-24 12:30:35'),(117421704338210819,117855919089385475,'2018-06-24 12:30:35','2018-06-24 12:30:35'),(117421704338211843,117855919089386499,'2018-06-24 12:30:35','2018-06-24 12:30:35'),(117421704338212867,117855919089387523,'2018-06-24 12:30:35','2018-06-24 12:30:35'),(117421920160317443,117856442001655811,'2018-06-24 12:30:35','2018-06-24 12:30:35'),(117421920160318467,117855919089386499,'2018-06-24 12:30:35','2018-06-24 12:30:35'),(117421920160319491,117856442001653763,'2018-06-24 12:30:35','2018-06-24 12:30:35'),(117422635272372227,117855919089386499,'2018-06-24 12:30:35','2018-06-24 12:30:35'),(117422635272373251,117856442001655811,'2018-06-24 12:30:35','2018-06-24 12:30:35'),(117422635272374275,117856442001653763,'2018-06-24 12:30:35','2018-06-24 12:30:35'),(117504444735684611,117864366216314883,'2018-06-24 12:30:35','2018-06-24 12:30:35'),(117504444735685635,117864366216315907,'2018-06-24 12:30:35','2018-06-24 12:30:35'),(117504444735686659,117864366216316931,'2018-06-24 12:30:35','2018-06-24 12:30:35'),(117504719613591555,117864500434043907,'2018-06-24 12:30:35','2018-06-24 12:30:35'),(117504719613592579,117864500434042883,'2018-06-24 12:30:35','2018-06-24 12:30:35'),(117504719613593603,117864500434044931,'2018-06-24 12:30:35','2018-06-24 12:30:35'),(118096722873286659,118124088257413123,'2018-06-27 06:47:11','2018-06-27 06:47:11'),(118096722873286659,118124257908621315,'2018-06-27 06:49:49','2018-06-27 06:49:49'),(118096722873286659,118124432928538627,'2018-06-27 06:52:32','2018-06-27 06:52:32'),(118096722873287683,118124088257413123,'2018-06-27 06:47:11','2018-06-27 06:47:11'),(118096722873287683,118124257908621315,'2018-06-27 06:49:49','2018-06-27 06:49:49');

/*Table structure for table `cloud_product` */

DROP TABLE IF EXISTS `cloud_product`;

CREATE TABLE `cloud_product` (
  `product_id` bigint(20) NOT NULL COMMENT '产品主键',
  `brand_id` bigint(20) NOT NULL COMMENT '属于哪一个品牌',
  `cat_id` bigint(20) NOT NULL COMMENT '属于哪一个分类',
  `product_name` varchar(255) CHARACTER SET utf8 NOT NULL COMMENT '产品名字',
  `product_desc` varchar(1000) CHARACTER SET utf8 NOT NULL COMMENT '产品描述',
  `product_rating` float DEFAULT '0' COMMENT '选购指数',
  `product_review` bigint(20) DEFAULT '0' COMMENT '用户评论数',
  `image_url` varchar(255) DEFAULT NULL COMMENT '图片路径',
  `display_order` int(11) NOT NULL DEFAULT '0' COMMENT '产品在分类下显示顺序',
  `deleted` tinyint(4) NOT NULL DEFAULT '0' COMMENT '标记删除(1), 标记未删除(0)',
  `start_time` datetime DEFAULT NULL COMMENT '开始时间',
  `end_time` datetime DEFAULT NULL COMMENT '结束时间',
  `create_time` datetime NOT NULL COMMENT '创建时间',
  `update_time` datetime NOT NULL COMMENT '更新时间',
  PRIMARY KEY (`product_id`),
  KEY `cat_idx` (`cat_id`) USING BTREE,
  KEY `brand_idx` (`brand_id`) USING BTREE,
  KEY `deleted_idx` (`deleted`) USING BTREE
) ENGINE=InnoDB DEFAULT CHARSET=utf8mb4;

/*Data for the table `cloud_product` */

insert  into `cloud_product`(`product_id`,`product_name`,`product_desc`,`product_rating`,`product_review`,`image_url`,`display_order`,`brand_id`,`cat_id`,`create_time`,`update_time`,`start_time`,`end_time`) values (118215706352287747,'小米（MI）电视 55英寸曲面4K智能WiFi网络液晶电视机4S L55M5-AQ 小米电视4S 55英寸 曲面','小米（MI）电视 55英寸曲面4K智能WiFi网络液晶电视机4S L55M5-AQ 小米电视4S 55英寸 曲面',2,100,'https://img.alicdn.com/bao/uploaded/i1/1714128138/O1CN019OecyP29zFinrEdco_!!0-item_pic.jpg',0,117849125524865027,117421035397054467,'2018-06-28 06:29:16','2018-06-28 06:29:16',NULL,NULL),(118895243192958979,'海信(Hisense)LED55E7C 曲面电视','海信(Hisense)LED55E7C 曲面电视',3.5,44000,'https://img.alicdn.com/bao/uploaded/i1/2616970884/O1CN011IOuaevmnlTvOvY_!!2616970884.jpg_220x220.jpg',0,117854955942969347,117421035397054467,'2018-07-05 14:17:04','2018-07-05 14:17:04',NULL,NULL),(118895243192960003,'海信（Hisense）H65E75A 超薄 超高清4K','海信（Hisense）H65E75A 超薄 超高清4K',3,2200,'https://img.alicdn.com/bao/uploaded/i1/429413615/O1CN011cZiFEABe0jfJKS_!!429413615.jpg_220x220.jpg',0,117854955942969347,117421035397055491,'2018-07-05 14:17:04','2018-07-05 14:17:04',NULL,NULL),(120089182897963011,'HLA海澜之家短袖T恤男简约镶拼珠地网眼','HLA海澜之家短袖T恤男简约镶拼珠地网眼',4.5,1720,'https://img.alicdn.com/bao/uploaded/i3/1657259311/TB14o7tt_dYBeNkSmLyXXXfnVXa_!!0-item_pic.jpg',0,117864500434043907,117504719613591555,'2018-07-18 11:09:27','2018-07-18 11:09:27',NULL,NULL),(120089182897964035,'HLA海澜之家短袖T恤男舒适休闲透气','HLA海澜之家短袖T恤男舒适休闲透气',4,780,'https://img.alicdn.com/bao/uploaded/i4/1657259311/O1CN01X5IzJU2IeUHNZuQ3J_!!0-item_pic.jpg',0,117864500434043907,117504719613591555,'2018-07-18 11:09:27','2018-07-18 11:09:27',NULL,NULL),(120089182897965059,'艾以纯森官方旗舰店男装2018新款欧洲站','艾以纯森官方旗舰店男装2018新款欧洲站',0,0,'https://img.alicdn.com/bao/uploaded/i3/1601145275/O1CN011opziEbmvBLFJv4_!!0-item_pic.jpg_220x220.jpg',0,117864500434043907,117504719613591555,'2018-07-18 11:09:27','2018-07-18 11:09:27',NULL,NULL),(120089182897966083,'花花公子短袖衬衫2018新款休闲商务衬衫','花花公子短袖衬衫2018新款休闲商务衬衫',0,2,'https://img.alicdn.com/bao/uploaded/i4/2272184160/O1CN01ba10Ym1gbKAj5lsqB_!!0-item_pic.jpg',0,117864500434042883,117504719613592579,'2018-07-18 11:09:28','2018-07-18 11:09:28',NULL,NULL),(120089182897967107,'花花公子 PLAYBOY2018夏季新款衬衫男','花花公子 PLAYBOY2018夏季新款衬衫男',4,120,'https://img.alicdn.com/bao/uploaded/i1/1970200390/O1CN014Z9Av41EkezzgInWh_!!0-item_pic.jpg',0,117864500434042883,117504719613592579,'2018-07-18 11:09:28','2018-07-18 11:09:28',NULL,NULL),(120089182897968131,'花花公子 PLAYBOY2018夏季新款衬衫男','花花公子 PLAYBOY2018夏季新款衬衫男',3.5,100,'https://img.alicdn.com/bao/uploaded/i1/3534273125/O1CN01iZ63Sp1YxIEordUij_!!0-item_pic.jpg',0,117864500434042883,117504719613592579,'2018-07-18 11:09:28','2018-07-18 11:09:28',NULL,NULL),(120092936699379715,'HLA海澜之家短袖T恤男简约镶拼珠地网眼','HLA海澜之家短袖T恤男简约镶拼珠地网眼',4.5,1720,'https://img.alicdn.com/bao/uploaded/i3/1657259311/TB14o7tt_dYBeNkSmLyXXXfnVXa_!!0-item_pic.jpg',0,117864500434043907,117504719613591555,'2018-07-18 12:07:44','2018-07-18 12:07:44',NULL,NULL),(120092936699380739,'HLA海澜之家短袖T恤男舒适休闲透气','HLA海澜之家短袖T恤男舒适休闲透气',4,780,NULL,0,117864500434043907,117504719613591555,'2018-07-18 12:07:44','2018-07-18 12:07:44',NULL,NULL),(120092936699381763,'艾以纯森官方旗舰店男装2018新款欧洲站','艾以纯森官方旗舰店男装2018新款欧洲站',0,0,NULL,0,117864500434043907,117504719613591555,'2018-07-18 12:07:44','2018-07-18 12:07:44',NULL,NULL),(120092936699382787,'花花公子短袖衬衫2018新款休闲商务衬衫','花花公子短袖衬衫2018新款休闲商务衬衫',0,2,NULL,0,117864500434042883,117504719613592579,'2018-07-18 12:07:44','2018-07-18 12:07:44',NULL,NULL),(120092936699383811,'花花公子 PLAYBOY2018夏季新款衬衫男','花花公子 PLAYBOY2018夏季新款衬衫男',4,120,NULL,0,117864500434042883,117504719613592579,'2018-07-18 12:07:44','2018-07-18 12:07:44',NULL,NULL),(120092936699384835,'花花公子 PLAYBOY2018夏季新款衬衫男','花花公子 PLAYBOY2018夏季新款衬衫男',3.5,100,NULL,0,117864500434042883,117504719613592579,'2018-07-18 12:07:44','2018-07-18 12:07:44',NULL,NULL),(120097919935184899,'佐丹奴轻薄牛仔裤男 夏季新款精工猫须长','佐丹奴轻薄牛仔裤男 夏季新款精工猫须长',3.5,720,NULL,0,117864500434044931,117504719613593603,'2018-07-18 13:25:04','2018-07-18 13:25:04',NULL,NULL),(120097919935185923,'佐丹奴Giordano男装 短裤经典五袋修身','佐丹奴Giordano男装 短裤经典五袋修身',4,780,NULL,0,117864500434044931,117504719613593603,'2018-07-18 13:25:04','2018-07-18 13:25:04',NULL,NULL),(120097919935186947,'佐丹奴Giordano男装牛仔裤 男士纯棉猫','佐丹奴Giordano男装牛仔裤 男士纯棉猫',3,450,NULL,0,117864500434044931,117504719613593603,'2018-07-18 13:25:04','2018-07-18 13:25:04',NULL,NULL),(120104355943677955,'佐丹奴轻薄牛仔裤男 夏季新款精工猫须长','佐丹奴轻薄牛仔裤男 夏季新款精工猫须长',3.5,720,NULL,0,117864500434044931,117504719613593603,'2018-07-18 15:04:59','2018-07-18 15:04:59',NULL,NULL),(120104355943678979,'佐丹奴Giordano男装 短裤经典五袋修身','佐丹奴Giordano男装 短裤经典五袋修身',4,780,NULL,0,117864500434044931,117504719613593603,'2018-07-18 15:04:59','2018-07-18 15:04:59',NULL,NULL),(120104355943680003,'佐丹奴Giordano男装牛仔裤 男士纯棉猫','佐丹奴Giordano男装牛仔裤 男士纯棉猫',3,450,'https://img.alicdn.com/bao/uploaded/i3/94008339/O1CN01svBUbw2BTJKcXdzAF_!!0-item_pic.jpg',0,117864500434044931,117504719613593603,'2018-07-18 15:04:59','2018-07-18 15:04:59',NULL,NULL);

/*Table structure for table `cloud_product_properties` */

DROP TABLE IF EXISTS `cloud_product_properties`;

CREATE TABLE `cloud_product_properties` (
  `product_id` bigint(20) NOT NULL COMMENT '商品主键',
  `attr_val_id` bigint(20) NOT NULL COMMENT '属性值主键',
  `deleted` tinyint(4) NOT NULL DEFAULT '0' COMMENT '标记删除(1), 标记未删除(0)',
  `create_time` datetime NOT NULL COMMENT '创建时间',
  `update_time` datetime DEFAULT NULL,
  KEY `product_id_idx` (`product_id`),
  KEY `attr_val_id_idx` (`attr_val_id`),
  KEY `deleted_idx` (`deleted`),
  UNIQUE KEY `product_properties_idx` (`product_id`,`attr_val_id`)
) ENGINE=InnoDB DEFAULT CHARSET=utf8mb4;

/*Data for the table `cloud_product_properties` */

insert  into `cloud_product_properties`(`product_id`,`attr_val_id`,`create_time`,`update_time`) values (118215706352287747,118883495383662595,'2018-07-05 11:26:12','2018-07-05 11:26:12'),(118215706352287747,118140639987633155,'2018-07-05 11:26:12','2018-07-05 11:26:12'),(118215706352287747,118140639987634179,'2018-07-05 11:26:12','2018-07-05 11:26:12'),(118215706352287747,118140639987635203,'2018-07-05 11:26:12','2018-07-05 11:26:12'),(118215706352287747,118140639987632131,'2018-07-05 11:26:12','2018-07-05 11:26:12'),(118895243192958979,118883495383662595,'2018-07-05 14:19:16','2018-07-05 14:19:16'),(118895243192958979,118140639987633155,'2018-07-05 14:19:16','2018-07-05 14:19:16'),(118895243192958979,118140639987634179,'2018-07-05 14:19:16','2018-07-05 14:19:16'),(118895243192958979,118140639987635203,'2018-07-05 14:19:16','2018-07-05 14:19:16'),(118895243192958979,118140662536208387,'2018-07-05 14:19:16','2018-07-05 14:19:16'),(118895243192960003,118883495383662595,'2018-07-05 14:20:46','2018-07-05 14:20:46'),(118895243192960003,118140639987633155,'2018-07-05 14:20:47','2018-07-05 14:20:47'),(118895243192960003,118140639987634179,'2018-07-05 14:20:47','2018-07-05 14:20:47'),(118895243192960003,118140639987635203,'2018-07-05 14:20:47','2018-07-05 14:20:47'),(118895243192960003,118140662536210435,'2018-07-05 14:20:47','2018-07-05 14:20:47'),(120089182897963011,118166595548742659,'2018-07-18 11:58:39','2018-07-18 11:58:39'),(120089182897963011,118166595548748803,'2018-07-18 11:58:39','2018-07-18 11:58:39'),(120089182897963011,118166813518334979,'2018-07-18 11:58:39','2018-07-18 11:58:39'),(120089182897963011,118166595548753923,'2018-07-18 11:58:39','2018-07-18 11:58:39'),(120089182897963011,118166813518339075,'2018-07-18 11:58:39','2018-07-18 11:58:39'),(120089182897963011,118166595548766211,'2018-07-18 11:58:39','2018-07-18 11:58:39'),(120089182897963011,118166813518339075,'2018-07-18 11:58:39','2018-07-18 11:58:39'),(120089182897964035,118166595548744707,'2018-07-18 12:02:16','2018-07-18 12:02:16'),(120089182897964035,118166595548747779,'2018-07-18 12:02:16','2018-07-18 12:02:16'),(120089182897964035,118166595548758019,'2018-07-18 12:02:16','2018-07-18 12:02:16'),(120089182897964035,118166595548753923,'2018-07-18 12:02:16','2018-07-18 12:02:16'),(120089182897964035,118166813518339075,'2018-07-18 12:02:16','2018-07-18 12:02:16'),(120089182897964035,118166595548763139,'2018-07-18 12:02:16','2018-07-18 12:02:16'),(120089182897964035,118166595548769283,'2018-07-18 12:02:16','2018-07-18 12:02:16'),(120089182897965059,118166595548742659,'2018-07-18 12:03:49','2018-07-18 12:03:49'),(120089182897965059,118166595548746755,'2018-07-18 12:03:49','2018-07-18 12:03:49'),(120089182897965059,118166813518334979,'2018-07-18 12:03:49','2018-07-18 12:03:49'),(120089182897965059,118166595548752899,'2018-07-18 12:03:49','2018-07-18 12:03:49'),(120089182897965059,118166813518338051,'2018-07-18 12:03:49','2018-07-18 12:03:49'),(120089182897965059,118166595548765187,'2018-07-18 12:03:49','2018-07-18 12:03:49'),(120089182897965059,118166595548770307,'2018-07-18 12:03:49','2018-07-18 12:03:49'),(120089182897966083,118166595548742659,'2018-07-18 12:06:09','2018-07-18 12:06:09'),(120089182897966083,118166595548748803,'2018-07-18 12:06:09','2018-07-18 12:06:09'),(120089182897966083,118166595548760067,'2018-07-18 12:06:09','2018-07-18 12:06:09'),(120089182897966083,118166595548750851,'2018-07-18 12:06:10','2018-07-18 12:06:10'),(120089182897966083,118166813518339075,'2018-07-18 12:06:10','2018-07-18 12:06:10'),(120089182897966083,118166595548761091,'2018-07-18 12:06:10','2018-07-18 12:06:10'),(120089182897966083,118166595548770307,'2018-07-18 12:06:10','2018-07-18 12:06:10'),(120089182897968131,118166595548742659,'2018-07-18 12:10:00','2018-07-18 12:10:00'),(120089182897968131,118166595548748803,'2018-07-18 12:10:00','2018-07-18 12:10:00'),(120089182897968131,118166595548758019,'2018-07-18 12:10:00','2018-07-18 12:10:00'),(120089182897968131,118166595548753923,'2018-07-18 12:10:01','2018-07-18 12:10:01'),(120089182897968131,118166813518339075,'2018-07-18 12:10:01','2018-07-18 12:10:01'),(120089182897968131,118166595548762115,'2018-07-18 12:10:01','2018-07-18 12:10:01'),(120089182897968131,118166595548770307,'2018-07-18 12:10:01','2018-07-18 12:10:01'),(120097919935184899,118166852173037571,'2018-07-18 15:02:58','2018-07-18 15:02:58'),(120097919935184899,118166853246779395,'2018-07-18 15:02:58','2018-07-18 15:02:58'),(120097919935184899,118166853246786563,'2018-07-18 15:02:58','2018-07-18 15:02:58'),(120097919935184899,118166853246785539,'2018-07-18 15:02:58','2018-07-18 15:02:58'),(120097919935184899,118166595548760067,'2018-07-18 15:02:58','2018-07-18 15:02:58'),(120097919935184899,118166595548764163,'2018-07-18 15:02:58','2018-07-18 15:02:58'),(120097919935184899,118166595548770307,'2018-07-18 15:02:58','2018-07-18 15:02:58'),(120097919935185923,118166852173038595,'2018-07-18 15:03:50','2018-07-18 15:03:50'),(120097919935185923,118166853246779395,'2018-07-18 15:03:50','2018-07-18 15:03:50'),(120097919935185923,118166853246788611,'2018-07-18 15:03:50','2018-07-18 15:03:50'),(120097919935185923,118166853246782467,'2018-07-18 15:03:50','2018-07-18 15:03:50'),(120097919935185923,118166595548760067,'2018-07-18 15:03:50','2018-07-18 15:03:50'),(120097919935185923,118166595548764163,'2018-07-18 15:03:50','2018-07-18 15:03:50'),(120097919935185923,118166595548770307,'2018-07-18 15:03:50','2018-07-18 15:03:50');

/*Table structure for table `cloud_sku` */

DROP TABLE IF EXISTS `cloud_sku`;

CREATE TABLE `cloud_sku` (
  `sku_id` bigint(20) NOT NULL COMMENT 'SKU主键',
  `product_id` bigint(20) NOT NULL COMMENT '属于哪一个产品',
  `sku_name` varchar(255) CHARACTER SET utf8 NOT NULL COMMENT 'SKU名字',
  `sku_desc` varchar(1000) CHARACTER SET utf8 DEFAULT NULL COMMENT 'SKU描述',
  `sku_code` varchar(30) CHARACTER SET utf8 NOT NULL COMMENT 'SKU编码',
  `bar_code` varchar(30) CHARACTER SET utf8 NOT NULL COMMENT '条形码',
  `image_url` varchar(255) DEFAULT NULL COMMENT '图片路径',
  `cost_price` bigint(20) NOT NULL COMMENT '成本价',
  `market_price` bigint(20) NOT NULL COMMENT '市场价',
  `sale_price` bigint(20) NOT NULL COMMENT '折扣价',
  `display_order` int(11) NOT NULL DEFAULT '0' COMMENT 'SKU显示顺序',
  `sku_status` tinyint(4) NOT NULL DEFAULT '0' COMMENT 'SKU状态0：enabled；1：disabled',
  `deleted` tinyint(4) NOT NULL DEFAULT '0' COMMENT '标记删除(1), 标记未删除(0)',
  `start_time` datetime DEFAULT NULL COMMENT '开始时间',
  `end_time` datetime DEFAULT NULL COMMENT '结束时间',
  `create_time` datetime NOT NULL COMMENT '创建时间',
  `update_time` datetime NOT NULL COMMENT '更新时间',
  PRIMARY KEY (`sku_id`),
  KEY `product_idx` (`product_id`) USING BTREE,
  KEY `deleted_idx` (`deleted`) USING BTREE
) ENGINE=InnoDB DEFAULT CHARSET=utf8mb4;

/*Data for the table `cloud_sku` */

insert  into `cloud_sku`(`sku_id`,`sku_name`,`sku_desc`,`sku_code`,`bar_code`,`image_url`,`cost_price`,`market_price`,`sale_price`,`display_order`,`sku_status`,`product_id`,`create_time`,`update_time`,`start_time`,`end_time`) values (118894019127279619,'小米（MI）电视 55英寸曲面4K智能WiFi网络液晶电视机4S L55M5-AQ 小米电视4S 55英寸 曲面','小米（MI）电视 55英寸曲面4K智能WiFi网络液晶电视机4S L55M5-AQ 小米电视4S 55英寸 曲面','1100794','6931659892012',NULL,100000,293900,293900,0,1,118215706352287747,'2018-07-05 13:58:05','2018-07-05 13:58:05',NULL,NULL),(118895868110700547,'海信（Hisense）LED65EC880UCQ 65英寸 超高清4K 曲面 ULED超画质电视 HDR 人工智能 VIDAA5.0（月光银）','海信（Hisense）LED65EC880UCQ 65英寸 超高清4K 曲面 ULED超画质电视 HDR 人工智能 VIDAA5.0（月光银）','1100795','6931659892013',NULL,300000,790000,790000,0,1,118895243192958979,'2018-07-05 14:26:46','2018-07-05 14:26:46',NULL,NULL),(118896029171974147,'海信（Hisense）LED65EC880UCQ 55英寸 超高清4K 曲面 ULED超画质电视 HDR 人工智能 月光银）','海信（Hisense）LED65EC880UCQ 55英寸 超高清4K 曲面 ULED超画质电视 HDR 人工智能 月光银）','1100796','6931659892014',NULL,300000,690000,690000,0,1,118895243192958979,'2018-07-05 14:29:16','2018-07-05 14:29:16',NULL,NULL),(118896221371760643,'海信（Hisense）H65E75A 65英寸 超薄 超高清4K HDR 无边全面屏 3+64G超大配置 AI人工智能电视(黑色)','海信（Hisense）H65E75A 65英寸 超薄 超高清4K HDR 无边全面屏 3+64G超大配置 AI人工智能电视(黑色)','1100797','6931659892015',NULL,300000,690000,690000,0,1,118895243192960003,'2018-07-05 14:32:16','2018-07-05 14:32:16',NULL,NULL),(118896283648786435,'海信（Hisense）H65E75A 80英寸 超薄 超高清4K HDR 无边全面屏 3+64G超大配置 AI人工智能电视(银色)','海信（Hisense）H65E75A 80英寸 超薄 超高清4K HDR 无边全面屏 3+64G超大配置 AI人工智能电视(银色)','1100798','6931659892016',NULL,300000,890000,890000,0,1,118895243192960003,'2018-07-05 14:33:13','2018-07-05 14:33:13',NULL,NULL),(120093937426759683,'HLA海澜之家短袖T恤男简约镶拼珠地网眼透气HNTBJ2E343A浅灰镶拼(YQ) L','HLA海澜之家短袖T恤男简约镶拼珠地网眼透气HNTBJ2E343A浅灰镶拼(YQ) L','1100799','6931659892017',NULL,5000,12800,12800,0,1,120089182897963011,'2018-07-18 12:23:16','2018-07-18 12:23:16',NULL,NULL),(120093938500501507,'HLA海澜之家短袖T恤男简约镶拼珠地网眼透气HNTBJ2E343A浅灰镶拼(YQ) XL','HLA海澜之家短袖T恤男简约镶拼珠地网眼透气HNTBJ2E343A浅灰镶拼(YQ) XL','1100800','6931659892018',NULL,5000,12800,12800,0,1,120089182897963011,'2018-07-18 12:23:16','2018-07-18 12:23:16',NULL,NULL),(120093938500502531,'HLA海澜之家短袖T恤男舒适休闲透气HNTCJ2E032A蓝(32) L','HLA海澜之家短袖T恤男简约镶拼珠地网眼透气HNTBJ2E343A浅灰镶拼(YQ) L','1100800','6931659892018',NULL,5000,16800,12800,0,1,120089182897964035,'2018-07-18 12:23:16','2018-07-18 12:23:16',NULL,NULL),(120093938500503555,'HLA海澜之家短袖T恤男舒适休闲透气HNTCJ2E032A蓝(32) XL','HLA海澜之家短袖T恤男舒适休闲透气HNTCJ2E032A蓝(32) XL','1100801','6931659892019',NULL,5000,16800,16800,0,1,120089182897964035,'2018-07-18 12:23:16','2018-07-18 12:23:16',NULL,NULL),(120093938500504579,'艾以纯森官方旗舰店男装2018新款欧洲站夏季短袖T恤男韩版翻领POLO衫宽松彩棉体恤休闲打底衫上衣潮 蓝色 XL','艾以纯森官方旗舰店男装2018新款欧洲站夏季短袖T恤男韩版翻领POLO衫宽松彩棉体恤休闲打底衫上衣潮 蓝色 XL','1100802','6931659892020',NULL,7000,23800,23800,0,1,120089182897965059,'2018-07-18 12:23:16','2018-07-18 12:23:16',NULL,NULL),(120093938500505603,'艾以纯森官方旗舰店男装2018新款欧洲站夏季短袖T恤男韩版翻领POLO衫宽松彩棉体恤休闲打底衫上衣潮 蓝色 XL','艾以纯森官方旗舰店男装2018新款欧洲站夏季短袖T恤男韩版翻领POLO衫宽松彩棉体恤休闲打底衫上衣潮 蓝色 XL','1100780','6931659892021',NULL,7000,23800,23800,0,1,120089182897965059,'2018-07-18 12:23:16','2018-07-18 12:23:16',NULL,NULL),(120093938500506627,'艾以纯森官方旗舰店男装2018新款欧洲站夏季短袖T恤男韩版翻领POLO衫宽松彩棉体恤休闲打底衫上衣潮 粉色 L','艾以纯森官方旗舰店男装2018新款欧洲站夏季短袖T恤男韩版翻领POLO衫宽松彩棉体恤休闲打底衫上衣潮 粉色 L','1100803','6931659892022',NULL,7000,23800,23800,0,1,120089182897965059,'2018-07-18 12:23:16','2018-07-18 12:23:16',NULL,NULL),(120095254907977731,'花花公子短袖衬衫2018新款休闲商务衬衫时尚潮流翻领男装修身短袖衬衣男 黑色 165/M','花花公子短袖衬衫2018新款休闲商务衬衫时尚潮流翻领男装修身短袖衬衣男 黑色 165/M','1100804','6931659892023',NULL,5000,12800,12800,0,1,120089182897966083,'2018-07-18 12:43:42','2018-07-18 12:43:42',NULL,NULL),(120095254907978755,'花花公子短袖衬衫2018新款休闲商务衬衫时尚潮流翻领男装修身短袖衬衣男 绿色 170 L','花花公子短袖衬衫2018新款休闲商务衬衫时尚潮流翻领男装修身短袖衬衣男 绿色 170 L','1100805','6931659892024',NULL,5000,12800,12800,0,1,120089182897966083,'2018-07-18 12:43:42','2018-07-18 12:43:42',NULL,NULL),(120095254907979779,'花花公子短袖衬衫2018新款休闲商务衬衫时尚潮流翻领男装修身短袖衬衣男 紫色 180 2XL','花花公子短袖衬衫2018新款休闲商务衬衫时尚潮流翻领男装修身短袖衬衣男 紫色 180 2XL','1100806','6931659892025',NULL,5000,12800,12800,0,1,120089182897966083,'2018-07-18 12:43:42','2018-07-18 12:43:42',NULL,NULL),(120095254907980803,'花花公子 PLAYBOY2018夏季新款衬衫男装时尚休闲桑蚕丝中年男士日常百搭翻领衬衫男装正品 蓝色 XL','花花公子 PLAYBOY2018夏季新款衬衫男装时尚休闲桑蚕丝中年男士日常百搭翻领衬衫男装正品 蓝色 XL','1100807','6931659892026',NULL,9900,39900,33900,0,1,120089182897967107,'2018-07-18 12:43:42','2018-07-18 12:43:42',NULL,NULL),(120095254907981827,'花花公子 PLAYBOY2018夏季新款衬衫男装时尚休闲桑蚕丝中年男士日常百搭翻领衬衫男装正品 蓝色 L','花花公子 PLAYBOY2018夏季新款衬衫男装时尚休闲桑蚕丝中年男士日常百搭翻领衬衫男装正品 蓝色 L','1100808','6931659892027',NULL,9900,39900,39900,0,1,120089182897967107,'2018-07-18 12:43:42','2018-07-18 12:43:42',NULL,NULL),(120095254907982851,'花花公子 PLAYBOY2018夏季新款衬衫男装桑蚕丝中年男士商务正装休闲百搭夏季薄款短袖免烫衬衫 白色 XL','花花公子 PLAYBOY2018夏季新款衬衫男装桑蚕丝中年男士商务正装休闲百搭夏季薄款短袖免烫衬衫 白色 XL','1100809','6931659892028',NULL,7000,23800,23800,0,1,120089182897968131,'2018-07-18 12:43:42','2018-07-18 12:43:42',NULL,NULL),(120095254907983875,'花花公子 PLAYBOY2018夏季新款衬衫男装桑蚕丝中年男士商务正装休闲百搭夏季薄款短袖免烫衬衫 红色 L','花花公子 PLAYBOY2018夏季新款衬衫男装桑蚕丝中年男士商务正装休闲百搭夏季薄款短袖免烫衬衫 红色 L','1100810','6931659892029',NULL,7000,23800,23800,0,1,120089182897968131,'2018-07-18 12:43:42','2018-07-18 12:43:42',NULL,NULL),(120105305131450371,'佐丹奴Giordano男装经典五袋修身牛仔九分裤01128005 77中蓝色 27码','佐丹奴Giordano男装经典五袋修身牛仔九分裤01128005 77中蓝色 27码','1100811','6931659892029',NULL,6500,26500,26500,0,1,120097919935185923,'2018-07-18 15:19:43','2018-07-18 15:19:43',NULL,NULL),(120105305131451395,'佐丹奴Giordano男装经典五袋修身牛仔九分裤01128005 77中蓝色 31码','佐丹奴Giordano男装经典五袋修身牛仔九分裤01128005 77中蓝色 31码','1100812','6931659892030',NULL,6500,26500,26500,0,1,120097919935185923,'2018-07-18 15:19:43','2018-07-18 15:19:43',NULL,NULL),(120105305131452419,'佐丹奴Giordano男装经典五袋修身牛仔九分裤01128005 77中蓝色 32码','佐丹奴Giordano男装经典五袋修身牛仔九分裤01128005 77中蓝色 32码','1100813','6931659892031',NULL,6500,26500,26500,0,1,120097919935185923,'2018-07-18 15:19:43','2018-07-18 15:19:43',NULL,NULL),(120105305131453443,'佐丹奴Giordano男装牛仔裤 男士纯棉猫须洗水窄脚牛仔长裤子 61117046 62深靛蓝色 29码','佐丹奴Giordano男装牛仔裤 男士纯棉猫须洗水窄脚牛仔长裤子 61117046 62深靛蓝色 29码','1100814','6931659892032',NULL,3900,16900,16900,0,1,120097919935186947,'2018-07-18 15:19:43','2018-07-18 15:19:43',NULL,NULL),(120105305131454467,'佐丹奴Giordano男装牛仔裤 男士纯棉猫须洗水窄脚牛仔长裤子 61117046 62深靛蓝色 30码','佐丹奴Giordano男装牛仔裤 男士纯棉猫须洗水窄脚牛仔长裤子 61117046 62深靛蓝色 30码','1100815','6931659892033',NULL,3900,16900,16900,0,1,120097919935186947,'2018-07-18 15:19:43','2018-07-18 15:19:43',NULL,NULL),(120105306205192195,'佐丹奴牛仔长裤 男装纯棉夏季薄款牛仔裤 男中腰窄脚裤子13118002 86中灰色 36码','佐丹奴牛仔长裤 男装纯棉夏季薄款牛仔裤 男中腰窄脚裤子13118002 86中灰色 36码','1100816','6931659892034',NULL,4900,16900,16900,0,1,120097919935184899,'2018-07-18 15:19:43','2018-07-18 15:19:43',NULL,NULL),(120105306205193219,'佐丹奴牛仔长裤 男装纯棉夏季薄款牛仔裤 男中腰窄脚裤子13118002 86中蓝色 36码','佐丹奴牛仔长裤 男装纯棉夏季薄款牛仔裤 男中腰窄脚裤子13118002 86中蓝色 36码','1100817','6931659892035',NULL,4900,16900,16900,0,1,120097919935184899,'2018-07-18 15:19:43','2018-07-18 15:19:43',NULL,NULL);

/*Table structure for table `cloud_sku_bundle` */

DROP TABLE IF EXISTS `cloud_sku_bundle`;

CREATE TABLE `cloud_sku_bundle` (
  `sku_id` bigint(20) NOT NULL COMMENT '属于哪一个SKU',
  `bundle_id` bigint(20) NOT NULL COMMENT 'bundle主键',
  `deleted` tinyint(4) NOT NULL DEFAULT '0' COMMENT '标记删除(1), 标记未删除(0)',
  `create_time` datetime NOT NULL COMMENT '创建时间',
  `update_time` datetime DEFAULT NULL,
  KEY `sku_id_idx` (`sku_id`),
  KEY `bundle_id_idx` (`bundle_id`),
  KEY `deleted_idx` (`deleted`),
  UNIQUE KEY `sku_bundle_idx` (`sku_id`,`bundle_id`)
) ENGINE=InnoDB DEFAULT CHARSET=utf8mb4;

/*Data for the table `cloud_sku_bundle` */

/*Table structure for table `cloud_sku_properties` */

DROP TABLE IF EXISTS `cloud_sku_properties`;

CREATE TABLE `cloud_sku_properties` (
  `sku_id` bigint(20) NOT NULL COMMENT '属于哪一个SKU',
  `attr_val_id` bigint(20) NOT NULL COMMENT '属性值表主键',
  `deleted` tinyint(4) NOT NULL DEFAULT '0' COMMENT '标记删除(1), 标记未删除(0)',
  `create_time` datetime NOT NULL COMMENT '创建时间',
  `update_time` datetime DEFAULT NULL,
  KEY `sku_id_idx` (`sku_id`),
  KEY `attr_val_id_idx` (`attr_val_id`),
  KEY `deleted_idx` (`deleted`),
  UNIQUE KEY `sku_properties_idx` (`sku_id`,`attr_val_id`)
) ENGINE=InnoDB DEFAULT CHARSET=utf8mb4;

/*Data for the table `cloud_sku_properties` */

insert  into `cloud_sku_properties`(`sku_id`,`attr_val_id`,`create_time`,`update_time`) values (118894019127279619,118140639987632131,'2018-07-05 13:58:05','2018-07-05 13:58:05'),(118895868110700547,118895787580063747,'2018-07-05 14:26:47','2018-07-05 14:26:47'),(118896029171974147,118140639987632131,'2018-07-05 14:29:17','2018-07-05 14:29:17'),(118896221371760643,118895787580063747,'2018-07-05 14:32:16','2018-07-05 14:32:16'),(118896283648786435,118895787580064771,'2018-07-05 14:33:14','2018-07-05 14:33:14'),(120093937426759683,118166813518356483,'2018-07-18 12:23:16','2018-07-18 12:23:16'),(120093937426759683,118166813518344195,'2018-07-18 12:23:16','2018-07-18 12:23:16'),(120093938500501507,118166813518353411,'2018-07-18 12:23:16','2018-07-18 12:23:16'),(120093938500501507,118166813518345219,'2018-07-18 12:23:16','2018-07-18 12:23:16'),(120093938500502531,118166813518353411,'2018-07-18 12:23:16','2018-07-18 12:23:16'),(120093938500502531,118166813518345219,'2018-07-18 12:23:16','2018-07-18 12:23:16'),(120093938500503555,118166813518350339,'2018-07-18 12:23:16','2018-07-18 12:23:16'),(120093938500503555,118166813518345219,'2018-07-18 12:23:16','2018-07-18 12:23:16'),(120093938500504579,118166813518350339,'2018-07-18 12:23:16','2018-07-18 12:23:16'),(120093938500504579,118166813518345219,'2018-07-18 12:23:16','2018-07-18 12:23:16'),(120093938500505603,118166813518350339,'2018-07-18 12:23:16','2018-07-18 12:23:16'),(120093938500505603,118166813518345219,'2018-07-18 12:23:16','2018-07-18 12:23:16'),(120093938500506627,118166813518352387,'2018-07-18 12:23:16','2018-07-18 12:23:16'),(120093938500506627,118166813518344195,'2018-07-18 12:23:16','2018-07-18 12:23:16'),(120095254907977731,118166813518347267,'2018-07-18 12:43:42','2018-07-18 12:43:42'),(120095254907977731,118166813518343171,'2018-07-18 12:43:42','2018-07-18 12:43:42'),(120095254907978755,118166813518351363,'2018-07-18 12:43:42','2018-07-18 12:43:42'),(120095254907978755,118166813518344195,'2018-07-18 12:43:42','2018-07-18 12:43:42'),(120095254907979779,118166813518355459,'2018-07-18 12:43:42','2018-07-18 12:43:42'),(120095254907979779,118166813518346243,'2018-07-18 12:43:42','2018-07-18 12:43:42'),(120095254907980803,118166813518350339,'2018-07-18 12:43:42','2018-07-18 12:43:42'),(120095254907980803,118166813518345219,'2018-07-18 12:43:42','2018-07-18 12:43:42'),(120095254907981827,118166813518351363,'2018-07-18 12:43:42','2018-07-18 12:43:42'),(120095254907981827,118166813518344195,'2018-07-18 12:43:42','2018-07-18 12:43:42'),(120095254907982851,118166813518348291,'2018-07-18 12:43:42','2018-07-18 12:43:42'),(120095254907982851,118166813518345219,'2018-07-18 12:43:42','2018-07-18 12:43:42'),(120095254907983875,118166813518349315,'2018-07-18 12:43:42','2018-07-18 12:43:42'),(120095254907983875,118166813518344195,'2018-07-18 12:43:42','2018-07-18 12:43:42'),(120105305131450371,118166813518350339,'2018-07-18 15:19:43','2018-07-18 15:19:43'),(120105305131450371,120103746058329091,'2018-07-18 15:19:43','2018-07-18 15:19:43'),(120105305131451395,118166813518350339,'2018-07-18 15:19:43','2018-07-18 15:19:43'),(120105305131451395,120103746058333187,'2018-07-18 15:19:43','2018-07-18 15:19:43'),(120105305131452419,118166813518355459,'2018-07-18 15:19:43','2018-07-18 15:19:43'),(120105305131452419,120103746058334211,'2018-07-18 15:19:43','2018-07-18 15:19:43'),(120105305131453443,118166813518350339,'2018-07-18 15:19:43','2018-07-18 15:19:43'),(120105305131453443,120103746058331139,'2018-07-18 15:19:43','2018-07-18 15:19:43'),(120105305131454467,118166813518351363,'2018-07-18 15:19:43','2018-07-18 15:19:43'),(120105305131454467,120103746058332163,'2018-07-18 15:19:43','2018-07-18 15:19:43'),(120105306205192195,118166813518353411,'2018-07-18 15:19:43','2018-07-18 15:19:43'),(120105306205192195,120103746058332163,'2018-07-18 15:19:43','2018-07-18 15:19:43'),(120105306205193219,118166813518350339,'2018-07-18 15:19:43','2018-07-18 15:19:43'),(120105306205193219,118166813518344195,'2018-07-18 15:19:43','2018-07-18 15:19:43');

/*!40101 SET SQL_MODE=@OLD_SQL_MODE */;
/*!40014 SET FOREIGN_KEY_CHECKS=@OLD_FOREIGN_KEY_CHECKS */;
/*!40014 SET UNIQUE_CHECKS=@OLD_UNIQUE_CHECKS */;
/*!40111 SET SQL_NOTES=@OLD_SQL_NOTES */;
